7461,Emmanuel,McBride,19-05-1987,cimzo@vahdudec.org
7462,Alejandro,Kelley,18-05-1931,iwune@rucetid.gov
7463,Andre,Simpson,1-1-1939,ru@tisjuw.org
7464,London,Ortiz,24-11-1911,kazrizcig@cemciup.io
7465,Mia,Graves,11-7-1948,koedobul@sarectuf.edu
7466,Lucia,Joseph,7-11-1997,cicfa@nekas.com
7467,Gabrielle,Nelson,29-7-1900,jajuz@no.org
7468,Adam,Jimenez,22-7-1982,ariof@lo.edu
7469,Mila,Greer,27-11-1966,gervatez@jius.co.uk
7470,Jacqueline,Owens,21-7-1947,rerwu@eforowce.net
7471,Anthony,Franklin,11-4-1979,ogi@avhijov.net
7472,Hannah,Fields,18-1-1957,so@bahmo.org
7473,Bentley,Hughes,17-5-1932,tidihepa@cu.org
7474,Kennedy,Munoz,4-6-1966,lezu@odo.gov
7475,Andre,Pierce,19-4-1984,somkueti@luwazocep.co.uk
7476,Cody,Ingram,1-10-1942,joj@ce.gov
7477,Piper,Ellis,27-2-1921,abo@dugez.co.uk
7478,Riley,Hicks,13-7-1998,robsatto@mer.gov
7479,Eleanor,Morales,8-5-1964,cafzap@wulhuhid.co.uk
7480,Santiago,Hernandez,14-2-2012,kofod@pi.io
7481,Kaleb,Phelps,10-5-1951,zed@copejiub.net
7485,Eliana,Sparks,6-4-1984,kepveh@fifop.gov
7486,Aliyah,Wong,12-11-1957,ba@zadgis.net
7487,Chelsea,Webster,30-12-1950,cakec@seis.io
7488,Adrian,Walters,27-11-1947,cibe@idom.org
7489,Jordyn,Summers,14-10-1970,ajeeloec@wodfa.edu
7490,Isabel,Clayton,8-5-1953,tuzkeki@jekhaoz.com
7491,Jose,Hines,29-6-1906,keticzun@docom.net
7492,Colton,Murphy,23-5-1899,pirdecuj@ji.gov
7493,Damien,Sanders,25-9-2008,otuvocri@lo.io
